change_id,created_timestamp,incident_id
CHG1,07/11/2023 14:21,INC4
CHG2,24/11/2023 23:14,
CHG3,19/11/2023 07:57,
CHG4,29/11/2023 08:59,INC7
CHG5,12/11/2023 04:40,INC8
CHG6,08/11/2023 07:10,INC9
CHG7,18/11/2023 01:58,INC10
CHG8,24/11/2023 21:14,
CHG9,13/11/2023 19:28,INC12
CHG10,08/11/2023 16:52,INC13
CHG11,20/11/2023 06:56,
CHG12,19/11/2023 19:03,INC15
CHG13,07/11/2023 21:54,INC16
CHG14,01/11/2023 02:38,INC17
CHG15,10/11/2023 08:07,
CHG16,03/11/2023 11:21,INC19
CHG17,18/11/2023 07:05,
CHG18,10/11/2023 20:46,INC21
CHG19,17/11/2023 07:03,
CHG20,24/11/2023 02:34,INC23
CHG21,27/11/2023 10:32,INC24
CHG22,08/11/2023 01:40,INC25
CHG23,13/11/2023 10:56,
CHG24,14/11/2023 00:33,INC27
CHG25,12/11/2023 15:03,INC28
CHG26,16/11/2023 10:35,INC29
CHG27,09/11/2023 05:01,
CHG28,05/11/2023 14:26,INC31
CHG29,05/11/2023 02:00,INC32
CHG30,15/11/2023 16:58,INC33
CHG31,06/11/2023 12:57,INC34
CHG32,29/11/2023 15:45,INC35
CHG33,07/11/2023 08:09,INC36
CHG34,19/11/2023 05:13,INC37
CHG35,26/11/2023 07:54,
CHG36,11/11/2023 01:11,INC39
CHG37,22/11/2023 08:46,INC40
CHG38,29/11/2023 01:03,INC41
CHG39,11/11/2023 06:45,
CHG40,19/11/2023 14:13,INC43
CHG41,23/11/2023 19:31,INC44
CHG42,09/11/2023 09:20,INC45
CHG43,16/11/2023 12:09,INC46
CHG44,27/11/2023 04:30,
CHG45,15/11/2023 02:51,INC48
CHG46,18/11/2023 00:09,INC49
CHG47,15/11/2023 20:35,
CHG48,22/11/2023 01:30,INC51
CHG49,03/11/2023 20:14,INC52
CHG50,01/11/2023 01:35,
CHG51,16/11/2023 09:44,INC54
CHG52,23/11/2023 08:22,INC55
CHG53,09/11/2023 12:31,
CHG54,28/11/2023 12:01,INC57
CHG55,14/11/2023 18:30,
CHG56,19/11/2023 01:52,
CHG57,09/11/2023 13:20,INC60
CHG58,03/11/2023 16:33,INC61
CHG59,05/11/2023 09:01,
CHG60,17/11/2023 05:28,INC63
CHG61,28/11/2023 15:06,INC64
CHG62,20/11/2023 08:22,
CHG63,29/11/2023 10:07,INC66
CHG64,12/11/2023 14:26,INC67
CHG65,08/11/2023 08:32,INC68
CHG66,29/11/2023 00:10,INC69
CHG67,08/11/2023 04:43,INC70
CHG68,20/11/2023 14:30,
CHG69,04/11/2023 18:30,INC72
CHG70,23/11/2023 01:12,INC73
CHG71,20/11/2023 08:41,
CHG72,16/11/2023 12:14,INC75
CHG73,13/11/2023 14:50,INC76
CHG74,24/11/2023 23:31,
CHG75,25/11/2023 17:50,
CHG76,12/11/2023 17:49,INC79
CHG77,01/11/2023 12:04,
CHG78,10/11/2023 08:25,INC81
CHG79,18/11/2023 22:00,
CHG80,10/11/2023 22:21,
CHG81,10/11/2023 21:44,INC84
CHG82,16/11/2023 02:52,INC85
CHG83,01/11/2023 06:47,
CHG84,25/11/2023 05:27,INC87
CHG85,26/11/2023 02:41,INC88
CHG86,14/11/2023 19:49,INC89
CHG87,15/11/2023 08:17,INC90
CHG88,22/11/2023 01:55,INC91
CHG89,19/11/2023 20:54,
CHG90,19/11/2023 23:20,INC93
CHG91,22/11/2023 21:29,
CHG92,27/11/2023 02:12,INC95
CHG93,26/11/2023 19:40,INC96
CHG94,06/11/2023 02:23,INC97
CHG95,07/11/2023 04:41,
CHG96,29/11/2023 01:50,INC99
CHG97,24/11/2023 23:11,INC100
CHG98,26/11/2023 22:54,
CHG99,27/11/2023 14:58,
CHG100,14/11/2023 12:10,INC103
