incident_id,created_timestamp,priority_level
INC1,08/12/2023 19:09,4
INC2,12/12/2023 17:45,2
INC3,08/12/2023 13:10,4
INC4,21/01/2024 11:33,3
INC5,01/12/2023 12:06,3
INC6,03/12/2023 13:23,4
INC7,21/01/2024 09:21,3
INC8,11/12/2023 20:07,1
INC9,24/01/2024 15:23,2
INC10,05/01/2024 08:46,2
INC11,25/01/2024 00:34,3
INC12,17/12/2023 07:07,4
INC13,05/01/2024 05:22,1
INC14,14/12/2023 19:44,2
INC15,23/01/2024 21:17,1
INC16,29/12/2023 19:49,2
INC17,28/01/2024 07:56,3
INC18,08/01/2024 20:09,1
INC19,11/01/2024 19:42,3
INC20,22/12/2023 06:28,4
INC21,01/01/2024 08:48,3
INC22,21/01/2024 08:36,4
INC23,17/01/2024 00:24,2
INC24,18/12/2023 18:59,1
INC25,22/12/2023 14:30,3
INC26,29/01/2024 11:48,1
INC27,17/12/2023 22:08,2
INC28,28/01/2024 00:55,3
INC29,22/12/2023 21:54,1
INC30,24/01/2024 11:32,2
INC31,12/12/2023 00:22,4
INC32,29/12/2023 21:23,1
INC33,26/12/2023 08:32,2
INC34,13/12/2023 04:41,2
INC35,18/12/2023 19:56,1
INC36,01/12/2023 03:54,4
INC37,03/12/2023 07:23,3
INC38,05/12/2023 22:07,4
INC39,06/12/2023 08:26,3
INC40,18/01/2024 15:22,4
INC41,02/01/2024 08:54,3
INC42,28/12/2023 11:54,1
INC43,19/01/2024 15:24,4
INC44,20/01/2024 12:22,4
INC45,18/12/2023 12:31,3
INC46,06/01/2024 21:30,1
INC47,02/12/2023 08:20,2
INC48,14/12/2023 08:56,1
INC49,02/01/2024 01:31,4
INC50,04/12/2023 02:12,2
INC51,08/12/2023 07:46,1
INC52,21/01/2024 17:15,3
INC53,21/01/2024 00:01,2
INC54,06/12/2023 18:39,3
INC55,11/12/2023 13:34,3
INC56,18/12/2023 14:52,1
INC57,23/12/2023 08:29,3
INC58,05/12/2023 13:37,2
INC59,14/01/2024 08:56,1
INC60,29/12/2023 04:29,1
INC61,26/01/2024 08:45,1
INC62,31/12/2023 11:25,4
INC63,09/12/2023 01:52,1
INC64,19/12/2023 15:32,2
INC65,26/01/2024 16:59,1
INC66,14/01/2024 00:31,4
INC67,13/12/2023 11:35,2
INC68,27/01/2024 13:25,1
INC69,03/12/2023 11:54,1
INC70,20/01/2024 04:22,4
INC71,18/01/2024 13:06,3
INC72,10/01/2024 17:55,1
INC73,13/01/2024 04:06,1
INC74,22/12/2023 10:04,2
INC75,29/01/2024 19:51,3
INC76,13/12/2023 20:31,1
INC77,06/01/2024 07:29,2
INC78,19/12/2023 13:35,2
INC79,11/01/2024 16:52,3
INC80,09/01/2024 21:26,4
INC81,15/01/2024 00:35,1
INC82,04/12/2023 04:42,1
INC83,26/12/2023 12:46,2
INC84,26/01/2024 10:57,2
INC85,26/12/2023 11:13,1
INC86,23/01/2024 08:29,2
INC87,21/01/2024 06:42,2
INC88,06/12/2023 22:31,3
INC89,14/01/2024 17:41,2
INC90,08/12/2023 15:50,1
INC91,13/01/2024 15:48,4
INC92,31/12/2023 20:11,4
INC93,16/01/2024 17:35,1
INC94,09/01/2024 02:51,4
INC95,23/01/2024 05:15,2
INC96,15/01/2024 12:24,3
INC97,30/12/2023 10:42,3
INC98,06/01/2024 02:49,3
INC99,31/12/2023 16:12,1
INC100,05/12/2023 20:30,2
