incident_id,created_timestamp
INC1,27/12/2023 17:43
INC2,25/12/2023 14:59
INC3,05/01/2024 15:00
INC4,11/01/2024 04:20
INC5,17/01/2024 23:00
INC6,02/01/2024 14:55
INC7,29/12/2023 14:06
INC8,16/01/2024 20:24
INC9,07/01/2024 12:43
INC10,18/01/2024 13:31
INC11,22/01/2024 02:22
INC12,11/01/2024 14:39
INC13,26/12/2023 18:48
INC14,27/01/2024 05:53
INC15,23/01/2024 22:23
INC16,03/01/2024 20:19
INC17,21/01/2024 00:59
INC18,23/01/2024 05:04
INC19,30/12/2023 05:48
INC20,19/01/2024 10:13
INC21,30/12/2023 02:58
INC22,28/01/2024 18:27
INC23,19/01/2024 20:42
INC24,29/12/2023 01:57
INC25,27/01/2024 06:39
INC26,26/12/2023 18:02
INC27,16/01/2024 18:31
INC28,27/01/2024 19:44
INC29,28/12/2023 07:40
INC30,04/01/2024 23:43
INC31,14/01/2024 17:41
INC32,05/01/2024 13:28
INC33,26/01/2024 20:28
INC34,25/01/2024 06:59
INC35,25/01/2024 09:30
INC36,29/01/2024 19:02
INC37,29/01/2024 03:19
INC38,05/01/2024 22:51
INC39,26/12/2023 00:09
INC40,22/01/2024 22:12
INC41,11/01/2024 06:54
INC42,25/12/2023 10:04
INC43,23/01/2024 18:49
INC44,25/01/2024 10:03
INC45,25/12/2023 12:34
INC46,08/01/2024 20:16
INC47,21/01/2024 19:51
INC48,21/01/2024 23:06
INC49,28/01/2024 17:01
INC50,25/12/2023 03:54
INC51,06/01/2024 12:33
INC52,17/01/2024 20:11
INC53,20/01/2024 10:54
INC54,30/12/2023 16:51
INC55,28/12/2023 14:24
INC56,06/01/2024 15:54
INC57,26/12/2023 11:09
INC58,16/01/2024 21:22
INC59,23/01/2024 08:06
INC60,12/01/2024 19:48
INC61,10/01/2024 03:47
INC62,03/01/2024 14:55
INC63,06/01/2024 02:37
INC64,29/12/2023 04:38
INC65,28/12/2023 11:22
INC66,27/01/2024 08:28
INC67,27/12/2023 12:32
INC68,27/01/2024 15:54
INC69,17/01/2024 23:16
